﻿<?xml version="1.0" encoding="utf-8" ?>
<c2eventsheet>
    <!--All the 'name' attributes are ignored by Construct 2 - they are there for readability only.-->
    <name>Cutscene 1</name>
    <events>
        <event-block sid="232719613765026">
            <conditions>
                <condition id="-2" name="On start of layout" sid="830501810113864" type="System" />
            </conditions>
            <actions>
                <action id="6" name="Play" sid="760340890736465" type="Cutscene1" />
            </actions>
        </event-block>
        <event-block sid="598743835333997">
            <conditions>
                <condition id="2" name="Has ended" sid="817143601420963" type="Cutscene1" />
            </conditions>
            <actions>
                <action id="5" name="Pause" sid="483500113628281" type="Cutscene1" />
                <action id="-2" name="Go to layout" sid="211129991370806" type="System">
                    <param id="0" name="Layout">Jogo</param>
                </action>
            </actions>
        </event-block>
    </events>
</c2eventsheet>
