﻿<?xml version="1.0" encoding="utf-8" ?>
<c2eventsheet>
    <!--All the 'name' attributes are ignored by Construct 2 - they are there for readability only.-->
    <name>IntroduçãoMenu</name>
    <events>
        <event-block sid="674061178209510">
            <conditions>
                <condition id="-2" name="On start of layout" sid="535284377442592" type="System" />
            </conditions>
            <actions>
                <action id="6" name="Play" sid="410449507420013" type="Menu1" />
            </actions>
        </event-block>
        <event-block sid="889102249690517">
            <conditions>
                <condition id="2" name="Has ended" sid="534247809303908" type="Menu1" />
            </conditions>
            <actions>
                <action id="-2" name="Go to layout" sid="282735524731224" type="System">
                    <param id="0" name="Layout">Menu</param>
                </action>
            </actions>
        </event-block>
    </events>
</c2eventsheet>
