﻿<?xml version="1.0" encoding="utf-8" ?>
<c2eventsheet>
    <!--All the 'name' attributes are ignored by Construct 2 - they are there for readability only.-->
    <name>Jogo</name>
    <events>
        <event-block sid="112246794223902">
            <conditions>
                <condition id="-2" name="On start of layout" sid="508635777904462" type="System" />
            </conditions>
            <actions>
                <action behavior="Pin" id="0" name="Pin to object" sid="809979588060713" type="SpriteCamera">
                    <param id="0" name="Pin to">astronauta</param>
                    <param id="1" name="Mode">0</param>
                </action>
                <action behavior="Pin" id="0" name="Pin to object" sid="728904934980683" type="Camera">
                    <param id="0" name="Pin to">SpriteCamera</param>
                    <param id="1" name="Mode">0</param>
                </action>
                <action id="6" name="Set speed" sid="663566948356092" type="astronauta">
                    <param id="0" name="Speed">10</param>
                </action>
                <action id="2" name="Stop" sid="493688637731272" type="astronauta" />
                <action id="2" name="Stop" sid="142666530829976" type="pausaframe" />
            </actions>
        </event-block>
        <event-block sid="890428866438268">
            <conditions>
                <condition id="5" name="On any finished" sid="574029187665341" type="astronauta" />
            </conditions>
            <actions>
                <action id="3" name="Start" sid="370102129399457" type="astronauta">
                    <param id="0" name="From">1</param>
                </action>
            </actions>
        </event-block>
        <comment>Movimentação</comment>
        <event-block sid="493938897726406">
            <conditions>
                <condition behavior="Platform" id="1" name="Compare speed" sid="837826598096409" type="astronauta">
                    <param id="0" name="Comparison">0</param>
                    <param id="1" name="Speed">0</param>
                </condition>
            </conditions>
            <actions>
                <action id="3" name="Start" sid="176649566241760" type="astronauta">
                    <param id="0" name="From">1</param>
                </action>
                <action id="2" name="Stop" sid="349395609621552" type="astronauta" />
            </actions>
        </event-block>
        <event-block sid="562238504746712">
            <conditions>
                <condition id="0" name="On key pressed" sid="165632475019582" type="Keyboard">
                    <param id="0" name="Key">39</param>
                </condition>
            </conditions>
            <actions>
                <action id="3" name="Start" sid="101237250699507" type="astronauta">
                    <param id="0" name="From">1</param>
                </action>
            </actions>
            <sub-events>
                <event-block sid="888606027631239">
                    <conditions>
                        <condition id="7" name="Is mirrored" sid="872081290636332" type="astronauta" />
                    </conditions>
                    <actions>
                        <action id="7" name="Set mirrored" sid="615348014444446" type="astronauta">
                            <param id="0" name="State">1</param>
                        </action>
                    </actions>
                </event-block>
            </sub-events>
        </event-block>
        <event-block sid="285593692605643">
            <conditions>
                <condition id="0" name="On key pressed" sid="327227639178137" type="Keyboard">
                    <param id="0" name="Key">37</param>
                </condition>
            </conditions>
            <actions>
                <action id="7" name="Set mirrored" sid="343088145942586" type="astronauta">
                    <param id="0" name="State">0</param>
                </action>
                <action id="3" name="Start" sid="731181719835819" type="astronauta">
                    <param id="0" name="From">0</param>
                </action>
            </actions>
        </event-block>
        <event-block sid="273776028117428">
            <conditions>
                <condition id="0" name="On key pressed" sid="213549703693879" type="Keyboard">
                    <param id="0" name="Key">38</param>
                </condition>
                <condition behavior="Platform" id="3" name="Is jumping" sid="241385574564264" type="astronauta" />
            </conditions>
            <actions>
                <action id="0" name="Spawn another object" sid="262623158641680" type="astronauta">
                    <param id="0" name="Object">Fumacinha</param>
                    <param id="1" name="Layer">0</param>
                    <param id="2" name="Image point">0</param>
                </action>
            </actions>
        </event-block>
        <event-block sid="463115108538115">
            <conditions>
                <condition id="0" name="On key pressed" sid="217451738543058" type="Keyboard">
                    <param id="0" name="Key">38</param>
                </condition>
            </conditions>
            <actions>
                <action behavior="Platform" id="13" name="Set double-jump" sid="523540198045991" type="astronauta">
                    <param id="0" name="State">1</param>
                </action>
                <action id="-16" name="Wait" sid="801827861871102" type="System">
                    <param id="0" name="Seconds">1.5</param>
                </action>
                <action behavior="Platform" id="13" name="Set double-jump" sid="915532303903693" type="astronauta">
                    <param id="0" name="State">0</param>
                </action>
            </actions>
        </event-block>
        <comment>Oxigênio</comment>
        <event-block sid="994141803751095">
            <conditions>
                <condition id="-1" name="Every tick" sid="232453575486145" type="System" />
            </conditions>
            <actions>
                <action id="-10" name="Set value" sid="178456474818747" type="astronauta">
                    <param id="0" name="Instance variable">Oxigênio</param>
                    <param id="1" name="Value">astronauta.Oxigênio</param>
                </action>
                <action id="-6" name="Set height" sid="356738106597739" type="Oxigênio">
                    <param id="0" name="Height">astronauta.Oxigênio</param>
                </action>
                <action id="0" name="Set text" sid="105231902487454" type="FramePerSecond">
                    <param id="0" name="Text">&quot;FPS: &quot; &amp; fps</param>
                </action>
            </actions>
        </event-block>
        <event-block sid="883167936837923">
            <conditions>
                <condition id="-6" name="Every X seconds" sid="878755137893421" type="System">
                    <param id="0" name="Interval (seconds)">0.2</param>
                </condition>
            </conditions>
            <actions>
                <action id="-12" name="Subtract from" sid="291737119694448" type="astronauta">
                    <param id="0" name="Instance variable">Oxigênio</param>
                    <param id="1" name="Value">0.5</param>
                </action>
            </actions>
        </event-block>
        <event-block sid="990190265267212">
            <conditions>
                <condition id="1" name="Is overlapping another object" sid="792521414051744" type="astronauta">
                    <param id="0" name="Object">capsulaframe</param>
                </condition>
            </conditions>
            <actions>
                <action id="0" name="Spawn another object" sid="662309099594803" type="capsulaframe">
                    <param id="0" name="Object">ItemObtidoO</param>
                    <param id="1" name="Layer">1</param>
                    <param id="2" name="Image point">0</param>
                </action>
                <action id="-11" name="Add to" sid="281939716939170" type="astronauta">
                    <param id="0" name="Instance variable">Oxigênio</param>
                    <param id="1" name="Value">72</param>
                </action>
                <action id="-9" name="Destroy" sid="199848200038096" type="Capsula" />
                <action id="-9" name="Destroy" sid="919600331683260" type="capsulaframe" />
            </actions>
            <sub-events>
                <event-block sid="704714425816966">
                    <conditions>
                        <condition id="-7" name="Compare instance variable" sid="596161902035177" type="astronauta">
                            <param id="0" name="Instance variable">Oxigênio</param>
                            <param id="1" name="Comparison">4</param>
                            <param id="2" name="Value">129</param>
                        </condition>
                    </conditions>
                    <actions>
                        <action id="-10" name="Set value" sid="705250802227462" type="astronauta">
                            <param id="0" name="Instance variable">Oxigênio</param>
                            <param id="1" name="Value">129</param>
                        </action>
                    </actions>
                </event-block>
            </sub-events>
        </event-block>
        <event-block sid="788228831696254">
            <conditions>
                <condition id="-6" name="Compare height" sid="261367768892622" type="Oxigênio">
                    <param id="0" name="Comparison">0</param>
                    <param id="1" name="Height">0</param>
                </condition>
            </conditions>
            <actions>
                <action id="-26" name="Restart layout" sid="562467307350771" type="System" />
            </actions>
        </event-block>
        <event-block sid="694596590950856">
            <conditions>
                <condition id="-7" name="Compare instance variable" sid="969348629887187" type="astronauta">
                    <param id="0" name="Instance variable">Oxigênio</param>
                    <param id="1" name="Comparison">2</param>
                    <param id="2" name="Value">40</param>
                </condition>
            </conditions>
            <actions>
                <action behavior="ScrollTo" id="0" name="Shake" sid="606882944309998" type="Camera">
                    <param id="0" name="Magnitude">1</param>
                    <param id="1" name="Duration">5</param>
                    <param id="2" name="Mode">0</param>
                </action>
            </actions>
        </event-block>
        <event-block sid="355903190810141">
            <conditions>
                <condition id="0" name="On collision with another object" sid="200582168098395" type="astronauta">
                    <param id="0" name="Object">pedaçoitem</param>
                </condition>
            </conditions>
            <actions>
                <action id="-15" name="Set visible" sid="562714981357274" type="pedaçoHUD">
                    <param id="0" name="Visibility">1</param>
                </action>
                <action id="0" name="Spawn another object" sid="494081029615579" type="pedaçoitem">
                    <param id="0" name="Object">BandeiraObtida</param>
                    <param id="1" name="Layer">0</param>
                    <param id="2" name="Image point">0</param>
                </action>
                <action id="-9" name="Destroy" sid="675693798846905" type="pedaçoitem" />
            </actions>
        </event-block>
        <event-block sid="887062699362457">
            <conditions>
                <condition id="0" name="On key pressed" sid="130858429177085" type="Keyboard">
                    <param id="0" name="Key">38</param>
                </condition>
                <condition behavior="Platform" id="4" name="Is falling" sid="415745483337983" type="astronauta" />
            </conditions>
            <actions>
                <action id="0" name="Spawn another object" sid="685262720563051" type="astronauta">
                    <param id="0" name="Object">Fumacinha</param>
                    <param id="1" name="Layer">0</param>
                    <param id="2" name="Image point">0</param>
                </action>
            </actions>
        </event-block>
        <event-block sid="820088178310151">
            <conditions>
                <condition id="0" name="On key pressed" sid="448713976546215" type="Keyboard">
                    <param id="0" name="Key">80</param>
                </condition>
                <condition id="3" name="Compare frame" sid="865227093785635" type="pausaframe">
                    <param id="0" name="Comparison">0</param>
                    <param id="1" name="Number">0</param>
                </condition>
            </conditions>
            <actions>
                <action id="3" name="Start" sid="108170924094075" type="pausaframe">
                    <param id="0" name="From">1</param>
                </action>
                <action id="6" name="Set speed" sid="565643205257648" type="pausaframe">
                    <param id="0" name="Speed">20</param>
                </action>
                <action id="-16" name="Set opacity" sid="988697463378385" type="Cenário">
                    <param id="0" name="Opacity">40</param>
                </action>
                <action id="-15" name="Set visible" sid="612794109563332" type="Pausado">
                    <param id="0" name="Visibility">1</param>
                </action>
                <action id="-13" name="Set time scale" sid="686765850295233" type="System">
                    <param id="0" name="Time scale">0</param>
                </action>
                <action id="-14" name="Set object time scale" sid="682470876915719" type="System">
                    <param id="0" name="Object">pausaframe</param>
                    <param id="1" name="Time scale">1.0</param>
                </action>
            </actions>
        </event-block>
        <event-block sid="224240493875274">
            <conditions>
                <condition id="0" name="On key pressed" sid="937134806297054" type="Keyboard">
                    <param id="0" name="Key">80</param>
                </condition>
                <condition id="3" name="Compare frame" sid="345120098251658" type="pausaframe">
                    <param id="0" name="Comparison">0</param>
                    <param id="1" name="Number">6</param>
                </condition>
            </conditions>
            <actions>
                <action id="-15" name="Set visible" sid="760336336138099" type="Pausado">
                    <param id="0" name="Visibility">0</param>
                </action>
                <action id="-16" name="Set opacity" sid="918978529071481" type="Cenário">
                    <param id="0" name="Opacity">0</param>
                </action>
                <action id="5" name="Set frame" sid="500722951842105" type="pausaframe">
                    <param id="0" name="Frame number">0</param>
                </action>
                <action id="-13" name="Set time scale" sid="880387908805038" type="System">
                    <param id="0" name="Time scale">1.0</param>
                </action>
            </actions>
        </event-block>
    </events>
</c2eventsheet>
