﻿<?xml version="1.0" encoding="utf-8" ?>
<c2eventsheet>
    <!--All the 'name' attributes are ignored by Construct 2 - they are there for readability only.-->
    <name>Créditos</name>
    <events>
        <event-block sid="367496692540777">
            <conditions>
                <condition id="-2" name="On start of layout" sid="154251137354974" type="System" />
            </conditions>
            <actions>
                <action id="22" name="Set paused" sid="481704901203343" type="AudioMenu">
                    <param id="0" name="Tag">&quot;audioMenuTag&quot;</param>
                    <param id="1" name="State">1</param>
                </action>
                <action id="2" name="Stop" sid="517479551138251" type="Voltar" />
            </actions>
        </event-block>
        <event-block sid="706765540513409">
            <conditions>
                <condition id="6" name="On object clicked" sid="513697704800782" type="Mouse">
                    <param id="0" name="Mouse button">0</param>
                    <param id="1" name="Click type">0</param>
                    <param id="2" name="Object clicked">Voltar</param>
                </condition>
            </conditions>
            <actions>
                <action id="3" name="Start" sid="352274361179058" type="Voltar">
                    <param id="0" name="From">1</param>
                </action>
                <action id="6" name="Set speed" sid="403612767586667" type="Voltar">
                    <param id="0" name="Speed">20</param>
                </action>
                <action id="-16" name="Wait" sid="285389509580362" type="System">
                    <param id="0" name="Seconds">1</param>
                </action>
                <action id="-2" name="Go to layout" sid="823687775934457" type="System">
                    <param id="0" name="Layout">Menu</param>
                </action>
            </actions>
        </event-block>
    </events>
</c2eventsheet>
