﻿<?xml version="1.0" encoding="utf-8" ?>
<c2eventsheet>
    <!--All the 'name' attributes are ignored by Construct 2 - they are there for readability only.-->
    <name>LogoEscola</name>
    <events>
        <event-block sid="180281246471144">
            <conditions>
                <condition id="-2" name="On start of layout" sid="702005278026318" type="System" />
            </conditions>
            <actions>
                <action id="6" name="Play" sid="568491131442372" type="LogoEscola" />
            </actions>
        </event-block>
        <event-block sid="463329218139881">
            <conditions>
                <condition id="2" name="Has ended" sid="740255740883841" type="LogoEscola" />
            </conditions>
            <actions>
                <action id="-2" name="Go to layout" sid="312754937642352" type="System">
                    <param id="0" name="Layout">IntroduçãoMenu</param>
                </action>
            </actions>
        </event-block>
    </events>
</c2eventsheet>
