﻿<?xml version="1.0" encoding="utf-8" ?>
<c2eventsheet>
    <!--All the 'name' attributes are ignored by Construct 2 - they are there for readability only.-->
    <name>Menu</name>
    <events>
        <event-block sid="182167282074281">
            <conditions>
                <condition id="-2" name="On start of layout" sid="611354030508045" type="System" />
            </conditions>
            <actions>
                <action id="2" name="Stop" sid="651298616785967" type="Créditos" />
                <action id="25" name="Play at object" sid="119241310074191" type="AudioMenu">
                    <param id="0" name="Audio file">AudioMenu</param>
                    <param id="1" name="Loop">1</param>
                    <param id="2" name="Volume">0</param>
                    <param id="3" name="Object">MusicaOn</param>
                    <param id="4" name="Inner angle">360</param>
                    <param id="5" name="Outer angle">360</param>
                    <param id="6" name="Outer gain">0</param>
                    <param id="7" name="Tag (optional)">&quot;audioMenuTag&quot;</param>
                </action>
                <action id="2" name="Stop" sid="339833486920180" type="Jogar" />
                <action id="2" name="Stop" sid="959349438098012" type="Sair" />
            </actions>
        </event-block>
        <comment>Botão</comment>
        <event-block sid="158835859655907">
            <conditions>
                <condition id="6" name="On object clicked" sid="593177251103705" type="Mouse">
                    <param id="0" name="Mouse button">0</param>
                    <param id="1" name="Click type">0</param>
                    <param id="2" name="Object clicked">Jogar</param>
                </condition>
            </conditions>
            <actions>
                <action id="-9" name="Destroy" sid="908259369343238" type="MusicaOn" />
                <action id="3" name="Start" sid="486661980674389" type="Jogar">
                    <param id="0" name="From">1</param>
                </action>
                <action id="6" name="Set speed" sid="744083439628159" type="Jogar">
                    <param id="0" name="Speed">20</param>
                </action>
                <action id="25" name="Play at object" sid="890442427066384" type="AudioMenu">
                    <param id="0" name="Audio file">PlaySFX</param>
                    <param id="1" name="Loop">0</param>
                    <param id="2" name="Volume">0</param>
                    <param id="3" name="Object">Jogar</param>
                    <param id="4" name="Inner angle">360</param>
                    <param id="5" name="Outer angle">360</param>
                    <param id="6" name="Outer gain">360</param>
                    <param id="7" name="Tag (optional)">&quot;&quot;</param>
                </action>
                <action id="-16" name="Wait" sid="378305167095991" type="System">
                    <param id="0" name="Seconds">0.5</param>
                </action>
                <action behavior="Fade" id="1" name="Start fade" sid="144799852759885" type="BrancoMenu" />
                <action id="-16" name="Wait" sid="337633189535753" type="System">
                    <param id="0" name="Seconds">0.5</param>
                </action>
                <action id="-2" name="Go to layout" sid="273341220722007" type="System">
                    <param id="0" name="Layout">Cutscene 1</param>
                </action>
            </actions>
        </event-block>
        <event-block sid="279999997374930">
            <conditions>
                <condition id="6" name="On object clicked" sid="323402771233681" type="Mouse">
                    <param id="0" name="Mouse button">0</param>
                    <param id="1" name="Click type">0</param>
                    <param id="2" name="Object clicked">Sair</param>
                </condition>
            </conditions>
            <actions>
                <action id="3" name="Start" sid="541909336409682" type="Sair">
                    <param id="0" name="From">1</param>
                </action>
                <action id="6" name="Set speed" sid="250150939120356" type="Sair">
                    <param id="0" name="Speed">20</param>
                </action>
                <action id="-16" name="Wait" sid="315460195876381" type="System">
                    <param id="0" name="Seconds">1.0</param>
                </action>
                <action id="1" name="Close" sid="477832702975107" type="Browser" />
            </actions>
        </event-block>
        <event-block sid="869347572556169">
            <conditions>
                <condition id="6" name="On object clicked" sid="457694683718245" type="Mouse">
                    <param id="0" name="Mouse button">0</param>
                    <param id="1" name="Click type">0</param>
                    <param id="2" name="Object clicked">Créditos</param>
                </condition>
            </conditions>
            <actions>
                <action id="3" name="Start" sid="468488193578869" type="Créditos">
                    <param id="0" name="From">1</param>
                </action>
                <action id="6" name="Set speed" sid="847404255746193" type="Créditos">
                    <param id="0" name="Speed">20</param>
                </action>
                <action id="-16" name="Wait" sid="905079699086265" type="System">
                    <param id="0" name="Seconds">1</param>
                </action>
                <action id="22" name="Set paused" sid="782988739576052" type="AudioMenu">
                    <param id="0" name="Tag">&quot;audioMenuTag&quot;</param>
                    <param id="1" name="State">0</param>
                </action>
                <action id="-25" name="Go to layout (by name)" sid="299668246386433" type="System">
                    <param id="0" name="Layout">&quot;Créditos&quot;</param>
                </action>
            </actions>
        </event-block>
        <event-block sid="190706590324442">
            <conditions>
                <condition id="6" name="On object clicked" sid="966207633254670" type="Mouse">
                    <param id="0" name="Mouse button">0</param>
                    <param id="1" name="Click type">0</param>
                    <param id="2" name="Object clicked">Engrenagem</param>
                </condition>
            </conditions>
            <actions />
        </event-block>
    </events>
</c2eventsheet>
